category,order_value,name
Clothing,87.81,Hooded Sweatshirt
Toys,119.13,Building Blocks Set
Books,57.77,Data Science Essentials
Home,170.07,Wall Clock
Electronics,149.55,Wireless Headphones
Electronics,396.25,Smartwatch Fit+2
Electronics,202.58,Smartphone X200
Books,62.97,Modern Fiction Tales
Home,193.36,Ceramic Vase
Books,52.34,The Art of Python
Electronics,272.65,Wireless Headphones
Toys,110.46,Remote Control Car
Books,52.58,Data Science Essentials
Electronics,336.62,4K Ultra TV
Electronics,386.08,Smartwatch Fit+2
Electronics,228.34,Wireless Headphones
Clothing,81.24,Slim Fit Jeans
Home,94.02,Ceramic Vase
Clothing,69.78,Hooded Sweatshirt
Clothing,98.49,Cotton T-Shirt
Home,171.88,Wall Clock
Electronics,437.89,Smartphone X200
Clothing,73.62,Slim Fit Jeans
Clothing,92.56,Slim Fit Jeans
Clothing,67.05,Leather Jacket
Books,44.12,Historical Journeys
Electronics,351.43,Bluetooth Speaker Pro
Home,150.22,Silk Curtains
Home,77.19,Ceramic Vase
Electronics,329.39,Wireless Headphones
Home,115.13,Ceramic Vase
Electronics,250.95,Bluetooth Speaker Pro
Electronics,337.91,Bluetooth Speaker Pro
Toys,103.06,Action Hero Figure
Toys,140.39,Plush Bear
Books,61.83,Modern Fiction Tales
Clothing,86.27,Leather Jacket
Electronics,204.03,Smartphone X200
Home,171.6,Modern Lamp
Clothing,68.18,Cotton T-Shirt
Electronics,317.48,4K Ultra TV
Clothing,81.11,Summer Dress
Electronics,352.69,Bluetooth Speaker Pro
Toys,88.96,Action Hero Figure
Clothing,84.03,Summer Dress
Home,143.12,Silk Curtains
Clothing,98.01,Cotton T-Shirt
Home,43.33,Ceramic Vase
Home,96.48,Ceramic Vase
Electronics,282.45,Smartphone X200
Toys,60.07,Building Blocks Set
Books,39.97,Data Science Essentials
Toys,76.12,Plush Bear
Books,50.88,Historical Journeys
Home,124.5,Modern Lamp
Toys,118.01,Kids Puzzle 100pc
Electronics,352.48,Smartphone X200
Electronics,204.91,Smartwatch Fit+2
Electronics,277.08,4K Ultra TV
Clothing,91.22,Hooded Sweatshirt
Clothing,128.15,Summer Dress
Clothing,82.32,Hooded Sweatshirt
Books,50.08,Modern Fiction Tales
Clothing,80.01,Cotton T-Shirt
Clothing,96.38,Hooded Sweatshirt
Home,149.18,Ceramic Vase
Electronics,363.5,Wireless Headphones
Books,45.45,Modern Fiction Tales
Electronics,342.48,Smartphone X200
Toys,81.87,Remote Control Car
Books,46.77,Mystery of the Mind
Electronics,292.81,Smartwatch Fit+2
Electronics,189.18,4K Ultra TV
Books,48.38,Historical Journeys
Books,65.45,Data Science Essentials
Books,66.4,Historical Journeys
Books,22.96,Mystery of the Mind
Electronics,176.88,Wireless Headphones
Clothing,101.2,Summer Dress
Electronics,251.31,Wireless Headphones
Books,45.84,Data Science Essentials
Home,143.79,Wall Clock
Clothing,69.74,Leather Jacket
Electronics,361.31,Wireless Headphones
Clothing,85.54,Cotton T-Shirt
Clothing,121.71,Leather Jacket
Books,65.92,Historical Journeys
Home,190.86,Silk Curtains
Books,25.72,The Art of Python
Clothing,97.89,Slim Fit Jeans
Electronics,383.18,Wireless Headphones
Books,41.5,Data Science Essentials
Books,48.54,The Art of Python
Home,136.61,Modern Lamp
Books,51.57,The Art of Python
Clothing,75.53,Summer Dress
Home,137.39,Ceramic Vase
Clothing,112.78,Summer Dress
Electronics,133.84,4K Ultra TV
Electronics,365.07,Smartphone X200
Electronics,235.56,4K Ultra TV
Home,91.4,Silk Curtains
Clothing,96.72,Cotton T-Shirt
Home,54.97,Wooden Chair
Toys,72.14,Building Blocks Set
Electronics,397.0,Smartwatch Fit+2
Clothing,100.82,Hooded Sweatshirt
Books,54.85,Data Science Essentials
Electronics,325.04,Wireless Headphones
Electronics,430.18,Smartphone X200
Clothing,80.94,Summer Dress
Electronics,285.04,Smartphone X200
Toys,64.32,Action Hero Figure
Books,31.35,Historical Journeys
Home,167.85,Modern Lamp
Books,34.25,Mystery of the Mind
Books,61.17,Data Science Essentials
Electronics,287.62,Smartphone X200
Books,50.81,Historical Journeys
Home,93.61,Silk Curtains
Books,61.26,Modern Fiction Tales
Books,59.58,Historical Journeys
Clothing,41.07,Slim Fit Jeans
Electronics,345.46,Wireless Headphones
Electronics,364.2,Wireless Headphones
Clothing,49.8,Hooded Sweatshirt
Books,68.66,Modern Fiction Tales
Books,50.14,Historical Journeys
Electronics,254.82,Bluetooth Speaker Pro
Home,177.74,Silk Curtains
Clothing,111.21,Summer Dress
Electronics,315.13,4K Ultra TV
Electronics,245.63,Bluetooth Speaker Pro
Clothing,121.34,Hooded Sweatshirt
Toys,84.81,Building Blocks Set
Clothing,66.01,Cotton T-Shirt
Home,109.07,Modern Lamp
Books,50.87,The Art of Python
Clothing,70.4,Hooded Sweatshirt
Toys,114.71,Plush Bear
Toys,134.83,Building Blocks Set
Clothing,28.33,Hooded Sweatshirt
Clothing,36.39,Hooded Sweatshirt
Clothing,75.75,Slim Fit Jeans
Clothing,87.35,Cotton T-Shirt
Electronics,204.75,Wireless Headphones
Home,125.33,Modern Lamp
Home,180.47,Wall Clock
Electronics,263.06,Smartwatch Fit+2
Clothing,96.8,Slim Fit Jeans
Toys,84.62,Plush Bear
Electronics,331.49,4K Ultra TV
Electronics,275.25,Smartwatch Fit+2
Clothing,63.44,Cotton T-Shirt
Toys,169.8,Building Blocks Set
Electronics,226.44,Bluetooth Speaker Pro
Home,131.54,Silk Curtains
Books,71.98,Modern Fiction Tales
Electronics,429.52,Bluetooth Speaker Pro
Books,61.4,Historical Journeys
Clothing,91.8,Hooded Sweatshirt
Home,165.16,Modern Lamp
Home,103.64,Modern Lamp
Home,119.9,Modern Lamp
Electronics,282.83,Smartwatch Fit+2
Books,68.42,Modern Fiction Tales
Clothing,103.16,Summer Dress
Electronics,457.77,Bluetooth Speaker Pro
Electronics,249.0,Smartphone X200
Home,103.18,Wooden Chair
Home,204.56,Ceramic Vase
Electronics,257.76,Bluetooth Speaker Pro
Home,120.32,Ceramic Vase
Electronics,391.75,Wireless Headphones
Home,239.48,Wooden Chair
Electronics,408.09,Smartwatch Fit+2
Home,158.58,Modern Lamp
Clothing,80.11,Cotton T-Shirt
Toys,128.63,Remote Control Car
Electronics,189.13,Bluetooth Speaker Pro
Clothing,62.5,Summer Dress
Electronics,181.02,Wireless Headphones
Toys,120.83,Remote Control Car
Books,46.27,Modern Fiction Tales
Clothing,77.52,Slim Fit Jeans
Home,139.17,Wall Clock
Books,37.54,Mystery of the Mind
Home,129.17,Modern Lamp
Home,164.3,Silk Curtains
Electronics,329.17,Bluetooth Speaker Pro
Electronics,294.56,Smartwatch Fit+2
Books,50.9,Historical Journeys
Toys,122.39,Kids Puzzle 100pc
Home,145.64,Modern Lamp
Clothing,70.82,Hooded Sweatshirt
Clothing,97.81,Slim Fit Jeans
Books,54.3,Data Science Essentials
Books,50.63,Historical Journeys
Books,30.13,Modern Fiction Tales
Books,94.73,Modern Fiction Tales
Home,116.49,Wall Clock
Electronics,301.4,Smartwatch Fit+2
Electronics,337.14,Bluetooth Speaker Pro
Books,75.03,Historical Journeys
Home,114.51,Wooden Chair
Electronics,263.3,Smartwatch Fit+2
Electronics,364.32,Smartphone X200
Home,72.47,Wooden Chair
Electronics,482.56,4K Ultra TV
Electronics,317.05,Smartwatch Fit+2
Home,150.68,Modern Lamp
Home,101.34,Ceramic Vase
Home,155.24,Ceramic Vase
Electronics,245.36,Wireless Headphones
Books,76.09,The Art of Python
Electronics,263.2,Smartphone X200
Clothing,64.21,Summer Dress
Books,57.2,Historical Journeys
Home,87.66,Silk Curtains
Books,33.7,Historical Journeys
Home,214.54,Ceramic Vase
Home,244.87,Wooden Chair
Electronics,438.35,Smartphone X200
Clothing,55.36,Leather Jacket
Clothing,85.23,Cotton T-Shirt
Electronics,352.89,Bluetooth Speaker Pro
Toys,111.61,Plush Bear
Clothing,69.9,Leather Jacket
Books,55.76,Data Science Essentials
Home,84.61,Ceramic Vase
Books,30.0,Modern Fiction Tales
Home,156.63,Wooden Chair
Home,184.81,Wall Clock
Clothing,75.63,Slim Fit Jeans
Electronics,412.0,Bluetooth Speaker Pro
Books,38.81,Historical Journeys
Clothing,83.36,Summer Dress
Electronics,219.71,Smartphone X200
Home,61.35,Silk Curtains
Electronics,246.01,Smartphone X200
Toys,111.98,Action Hero Figure
Toys,117.51,Action Hero Figure
Toys,109.43,Building Blocks Set
Clothing,88.3,Leather Jacket
Electronics,203.71,Wireless Headphones
Toys,113.09,Building Blocks Set
Clothing,84.7,Hooded Sweatshirt
Toys,77.14,Kids Puzzle 100pc
Toys,75.71,Action Hero Figure
Books,38.61,Mystery of the Mind
Clothing,81.02,Leather Jacket
Clothing,57.2,Cotton T-Shirt
Books,56.31,Data Science Essentials
Clothing,75.05,Hooded Sweatshirt
Electronics,397.18,Bluetooth Speaker Pro
Home,80.52,Silk Curtains
Toys,126.1,Building Blocks Set
Home,104.15,Wall Clock
Home,184.11,Silk Curtains
Electronics,297.02,Wireless Headphones
Home,140.36,Wooden Chair
Toys,140.29,Plush Bear
Electronics,306.11,Smartwatch Fit+2
Home,134.47,Modern Lamp
Books,51.04,Data Science Essentials
Books,56.03,Modern Fiction Tales
Home,184.15,Wall Clock
Books,51.75,Mystery of the Mind
Clothing,55.53,Summer Dress
Clothing,88.07,Slim Fit Jeans
Books,19.99,The Art of Python
Books,51.57,Mystery of the Mind
Books,36.5,Data Science Essentials
Toys,76.33,Remote Control Car
Home,170.85,Ceramic Vase
Home,65.1,Wall Clock
Books,22.77,Data Science Essentials
Home,109.12,Modern Lamp
Books,70.75,Mystery of the Mind
Books,55.35,The Art of Python
Books,26.39,Data Science Essentials
Clothing,119.06,Summer Dress
Clothing,118.89,Cotton T-Shirt
Electronics,433.26,Bluetooth Speaker Pro
Home,230.73,Silk Curtains
Electronics,335.73,Wireless Headphones
Clothing,80.19,Hooded Sweatshirt
Home,55.9,Modern Lamp
Clothing,90.95,Cotton T-Shirt
Home,121.08,Wall Clock
Electronics,413.17,Smartwatch Fit+2
Electronics,359.8,4K Ultra TV
Books,47.05,Mystery of the Mind
Clothing,75.16,Hooded Sweatshirt
Electronics,473.09,Smartphone X200
Home,126.08,Ceramic Vase
Books,37.77,Historical Journeys
Electronics,406.79,Smartphone X200
Home,142.9,Ceramic Vase
Electronics,80.46,4K Ultra TV
Electronics,325.53,Smartwatch Fit+2
Home,181.18,Modern Lamp
Home,112.35,Wooden Chair
Home,138.25,Modern Lamp
Books,40.58,Data Science Essentials
Toys,74.22,Kids Puzzle 100pc
Home,123.57,Wall Clock
Clothing,126.68,Leather Jacket
Books,52.17,The Art of Python
Clothing,39.82,Slim Fit Jeans
Clothing,79.64,Cotton T-Shirt
Electronics,358.25,4K Ultra TV
Electronics,226.8,Wireless Headphones
Toys,124.13,Building Blocks Set
Books,45.25,Modern Fiction Tales
Home,130.88,Ceramic Vase
Clothing,100.86,Slim Fit Jeans
Electronics,377.11,Wireless Headphones
Electronics,333.18,Smartwatch Fit+2
Clothing,54.59,Slim Fit Jeans
Home,163.61,Ceramic Vase
Books,51.55,Historical Journeys
Home,170.65,Wooden Chair
Clothing,98.4,Summer Dress
Toys,72.15,Plush Bear
Books,63.44,The Art of Python
Home,137.02,Silk Curtains
Home,217.07,Wooden Chair
Clothing,73.46,Slim Fit Jeans
Electronics,253.29,Smartwatch Fit+2
Clothing,87.08,Cotton T-Shirt
Books,53.48,Historical Journeys
Electronics,168.78,4K Ultra TV
Electronics,371.39,Wireless Headphones
Electronics,214.09,Wireless Headphones
Electronics,262.72,Bluetooth Speaker Pro
Books,46.35,Mystery of the Mind
Books,40.52,Historical Journeys
Clothing,63.84,Summer Dress
Electronics,414.88,Smartwatch Fit+2
Clothing,57.27,Hooded Sweatshirt
Clothing,101.11,Slim Fit Jeans
Electronics,186.34,Smartwatch Fit+2
Clothing,35.45,Hooded Sweatshirt
Clothing,61.03,Cotton T-Shirt
Home,185.38,Modern Lamp
Home,162.08,Wooden Chair
Electronics,236.95,Smartphone X200
Clothing,108.24,Summer Dress
Home,113.36,Modern Lamp
Home,147.46,Ceramic Vase
Books,72.53,Data Science Essentials
Home,125.52,Modern Lamp
Electronics,284.9,Bluetooth Speaker Pro
Electronics,333.12,Wireless Headphones
Home,86.66,Wooden Chair
Electronics,294.98,Smartwatch Fit+2
Home,136.64,Wall Clock
Toys,88.53,Plush Bear
Home,154.92,Modern Lamp
Clothing,69.42,Slim Fit Jeans
Home,96.26,Wooden Chair
Clothing,118.95,Summer Dress
Home,197.38,Modern Lamp
Toys,30.74,Plush Bear
Clothing,76.53,Cotton T-Shirt
Toys,96.99,Plush Bear
Toys,118.7,Remote Control Car
Electronics,203.38,4K Ultra TV
Electronics,336.23,Wireless Headphones
Electronics,234.18,4K Ultra TV
Electronics,396.59,Wireless Headphones
Electronics,373.39,Wireless Headphones
Home,152.0,Wooden Chair
Electronics,345.62,Wireless Headphones
Clothing,57.13,Leather Jacket
Books,65.5,Historical Journeys
Electronics,397.25,Smartwatch Fit+2
Books,71.11,Modern Fiction Tales
Clothing,95.83,Cotton T-Shirt
Electronics,232.46,Smartwatch Fit+2
Home,127.3,Wall Clock
Home,175.5,Wooden Chair
Books,50.19,Historical Journeys
Books,29.78,Modern Fiction Tales
Books,50.86,Data Science Essentials
Clothing,101.16,Slim Fit Jeans
Electronics,281.04,Wireless Headphones
Books,59.36,Historical Journeys
Books,45.88,Mystery of the Mind
Toys,115.18,Remote Control Car
Clothing,65.46,Leather Jacket
Clothing,107.87,Hooded Sweatshirt
Books,33.91,Mystery of the Mind
Clothing,86.06,Hooded Sweatshirt
Toys,104.99,Action Hero Figure
Books,35.68,Historical Journeys
Clothing,113.66,Summer Dress
Books,45.49,Modern Fiction Tales
Books,36.0,The Art of Python
Electronics,207.37,Smartwatch Fit+2
Toys,70.3,Building Blocks Set
Home,176.48,Wall Clock
Books,40.55,Historical Journeys
Clothing,63.84,Cotton T-Shirt
Books,35.69,Historical Journeys
Clothing,78.04,Summer Dress
Electronics,493.45,Smartphone X200
Toys,64.73,Kids Puzzle 100pc
Electronics,187.07,Smartwatch Fit+2
Clothing,50.31,Hooded Sweatshirt
Toys,122.39,Remote Control Car
Toys,90.44,Action Hero Figure
Home,163.04,Silk Curtains
Home,143.93,Silk Curtains
Clothing,118.3,Cotton T-Shirt
Clothing,53.66,Leather Jacket
Clothing,48.71,Hooded Sweatshirt
Home,167.97,Wall Clock
Books,48.11,Historical Journeys
Books,36.31,Data Science Essentials
Books,48.08,Historical Journeys
Electronics,243.41,Smartphone X200
Clothing,100.75,Summer Dress
Electronics,325.26,4K Ultra TV
Home,193.18,Wooden Chair
Clothing,116.08,Leather Jacket
Books,63.45,Modern Fiction Tales
Clothing,55.05,Cotton T-Shirt
Electronics,328.78,Bluetooth Speaker Pro
Electronics,212.04,Smartphone X200
Books,69.09,Mystery of the Mind
Home,184.35,Wooden Chair
Electronics,399.95,Bluetooth Speaker Pro
Electronics,459.25,Bluetooth Speaker Pro
Books,45.63,Mystery of the Mind
Electronics,339.02,Smartwatch Fit+2
Books,64.66,Data Science Essentials
Books,55.79,The Art of Python
Electronics,283.36,Bluetooth Speaker Pro
Electronics,230.81,Smartwatch Fit+2
Toys,99.55,Remote Control Car
Clothing,71.07,Leather Jacket
Clothing,75.56,Slim Fit Jeans
Books,61.29,Historical Journeys
Toys,82.93,Action Hero Figure
Toys,107.14,Remote Control Car
Books,10.5,Data Science Essentials
Clothing,65.72,Summer Dress
Electronics,404.97,Smartphone X200
Books,16.84,Historical Journeys
Home,122.91,Modern Lamp
Clothing,76.67,Cotton T-Shirt
Toys,116.02,Kids Puzzle 100pc
Electronics,318.68,Smartphone X200
Clothing,99.38,Slim Fit Jeans
Electronics,304.44,Smartwatch Fit+2
Clothing,58.14,Slim Fit Jeans
Electronics,229.85,Smartphone X200
Electronics,325.65,4K Ultra TV
Electronics,248.11,Bluetooth Speaker Pro
Home,185.36,Wooden Chair
Books,45.45,Mystery of the Mind
Home,128.12,Wooden Chair
Toys,91.6,Remote Control Car
Clothing,94.93,Leather Jacket
Clothing,91.95,Cotton T-Shirt
Books,45.31,Historical Journeys
Electronics,184.91,Bluetooth Speaker Pro
Toys,116.33,Building Blocks Set
Electronics,413.77,Smartphone X200
Toys,131.71,Plush Bear
Electronics,253.73,Wireless Headphones
Books,43.1,Mystery of the Mind
Home,106.26,Wooden Chair
Toys,115.82,Remote Control Car
Electronics,330.83,4K Ultra TV
Home,155.34,Wall Clock
Toys,52.88,Action Hero Figure
Home,185.76,Wooden Chair
Home,197.52,Ceramic Vase
Home,145.63,Modern Lamp
Clothing,85.41,Slim Fit Jeans
Home,170.91,Modern Lamp
Home,247.46,Ceramic Vase
Toys,97.62,Plush Bear
Electronics,441.26,4K Ultra TV
Clothing,100.29,Summer Dress
Toys,104.37,Building Blocks Set
Books,64.12,Historical Journeys
Clothing,92.02,Slim Fit Jeans
Home,160.38,Ceramic Vase
Clothing,98.37,Hooded Sweatshirt
Electronics,320.78,Smartwatch Fit+2
Clothing,82.19,Slim Fit Jeans
Clothing,29.09,Hooded Sweatshirt
Home,96.08,Wooden Chair
Electronics,397.44,Wireless Headphones
Toys,139.74,Remote Control Car
Toys,70.07,Kids Puzzle 100pc
Home,134.03,Modern Lamp
Home,159.88,Wall Clock
Clothing,64.17,Cotton T-Shirt
Books,45.13,Historical Journeys
Home,163.01,Ceramic Vase
Electronics,247.7,Wireless Headphones
Toys,60.64,Plush Bear
Books,23.97,Modern Fiction Tales
Toys,31.3,Plush Bear
Books,33.93,Historical Journeys
Home,66.67,Silk Curtains
Clothing,50.46,Slim Fit Jeans
Toys,167.69,Plush Bear
Books,34.31,Data Science Essentials
Electronics,311.29,Smartphone X200
Electronics,343.16,Bluetooth Speaker Pro
Clothing,64.02,Summer Dress
Books,35.59,Modern Fiction Tales
Toys,91.02,Action Hero Figure
Electronics,323.25,Wireless Headphones
Home,141.75,Silk Curtains
Clothing,48.28,Slim Fit Jeans
Toys,100.9,Remote Control Car
Books,18.76,Modern Fiction Tales
Books,42.88,Data Science Essentials
Clothing,98.22,Leather Jacket
Clothing,98.11,Hooded Sweatshirt
Clothing,82.59,Slim Fit Jeans
Electronics,346.33,Wireless Headphones
Books,48.89,Data Science Essentials
Books,57.85,The Art of Python
Toys,87.04,Plush Bear
Toys,143.62,Remote Control Car
Home,132.6,Modern Lamp
Books,45.59,Historical Journeys
Toys,133.54,Action Hero Figure
Books,62.98,Data Science Essentials
Electronics,352.9,Smartphone X200
Clothing,97.71,Leather Jacket
Electronics,343.25,Smartphone X200
Toys,137.4,Kids Puzzle 100pc
Home,165.99,Modern Lamp
Electronics,445.55,4K Ultra TV
Home,142.96,Ceramic Vase
Home,215.46,Silk Curtains
Clothing,51.04,Cotton T-Shirt
Electronics,240.64,Wireless Headphones
Home,108.45,Ceramic Vase
Home,122.68,Modern Lamp
Books,40.95,Data Science Essentials
Home,141.93,Wall Clock
Books,55.56,Mystery of the Mind
Home,179.22,Wall Clock
Home,156.91,Wall Clock
Books,64.08,Modern Fiction Tales
Clothing,68.97,Summer Dress
Electronics,371.84,4K Ultra TV
Electronics,403.98,Bluetooth Speaker Pro
Books,26.83,Mystery of the Mind
Home,140.4,Modern Lamp
Books,41.54,Modern Fiction Tales
Electronics,370.91,Smartphone X200
Electronics,408.49,Bluetooth Speaker Pro
Electronics,210.71,Smartphone X200
Clothing,71.77,Summer Dress
Home,132.72,Wall Clock
Clothing,87.11,Cotton T-Shirt
Clothing,44.22,Hooded Sweatshirt
Toys,114.75,Building Blocks Set
Clothing,109.4,Leather Jacket
Home,145.05,Wall Clock
Books,56.75,Historical Journeys
Clothing,110.69,Summer Dress
Home,129.9,Wall Clock
Books,58.37,Historical Journeys
Toys,87.12,Plush Bear
Electronics,262.69,Smartphone X200
Toys,73.3,Building Blocks Set
Clothing,106.58,Leather Jacket
Clothing,105.44,Slim Fit Jeans
Clothing,72.91,Leather Jacket
Toys,82.93,Remote Control Car
Clothing,86.98,Hooded Sweatshirt
Clothing,61.97,Summer Dress
Home,162.7,Wooden Chair
Electronics,388.79,4K Ultra TV
Electronics,338.11,4K Ultra TV
Electronics,474.6,4K Ultra TV
Electronics,374.5,Smartwatch Fit+2
Electronics,244.74,Smartwatch Fit+2
Electronics,283.23,4K Ultra TV
Home,239.05,Silk Curtains
Electronics,164.76,4K Ultra TV
Clothing,97.98,Hooded Sweatshirt
Books,34.3,Mystery of the Mind
Clothing,51.96,Leather Jacket
Home,142.44,Silk Curtains
Electronics,266.18,Wireless Headphones
Electronics,127.42,Smartwatch Fit+2
Electronics,317.76,Smartphone X200
Electronics,389.73,Wireless Headphones
Clothing,91.7,Slim Fit Jeans
Electronics,358.59,Smartwatch Fit+2
Electronics,207.13,Smartwatch Fit+2
Electronics,279.81,Wireless Headphones
Clothing,100.9,Cotton T-Shirt
Electronics,239.35,Smartphone X200
Clothing,79.5,Summer Dress
Home,134.88,Silk Curtains
Home,198.0,Wooden Chair
Electronics,130.31,Wireless Headphones
Books,40.22,Data Science Essentials
Home,135.95,Ceramic Vase
Electronics,369.78,Wireless Headphones
Books,13.23,Historical Journeys
Toys,81.71,Kids Puzzle 100pc
Electronics,383.05,Smartphone X200
Clothing,110.83,Slim Fit Jeans
Books,64.35,Historical Journeys
Books,39.81,Mystery of the Mind
Electronics,115.82,Smartphone X200
Electronics,407.02,Bluetooth Speaker Pro
Clothing,65.15,Summer Dress
Clothing,98.22,Hooded Sweatshirt
Home,119.04,Silk Curtains
Clothing,59.6,Leather Jacket
Clothing,77.83,Hooded Sweatshirt
Books,49.37,The Art of Python
Electronics,286.78,Smartphone X200
Clothing,38.2,Summer Dress
Books,56.39,Data Science Essentials
Books,47.51,Modern Fiction Tales
Home,188.15,Wall Clock
Home,123.46,Silk Curtains
Electronics,221.02,Wireless Headphones
Clothing,94.29,Cotton T-Shirt
Home,108.53,Ceramic Vase
Electronics,254.35,Smartwatch Fit+2
Clothing,89.65,Slim Fit Jeans
Clothing,82.94,Hooded Sweatshirt
Electronics,294.59,Smartwatch Fit+2
Clothing,50.13,Leather Jacket
Electronics,278.66,Smartwatch Fit+2
Clothing,103.48,Summer Dress
Electronics,345.34,Wireless Headphones
Books,33.53,Mystery of the Mind
Home,154.83,Wooden Chair
Home,129.88,Modern Lamp
Books,20.77,Modern Fiction Tales
Clothing,76.59,Slim Fit Jeans
Electronics,168.09,Bluetooth Speaker Pro
Home,197.5,Ceramic Vase
Home,201.18,Wooden Chair
Books,72.54,The Art of Python
Clothing,75.93,Leather Jacket
Electronics,400.14,Bluetooth Speaker Pro
Clothing,119.79,Slim Fit Jeans
Clothing,60.07,Summer Dress
Home,239.93,Silk Curtains
Home,107.53,Modern Lamp
Clothing,57.6,Cotton T-Shirt
Toys,107.57,Kids Puzzle 100pc
Home,189.54,Wooden Chair
Electronics,338.08,Smartphone X200
Electronics,118.96,Bluetooth Speaker Pro
Electronics,498.79,Smartwatch Fit+2
Electronics,213.78,Wireless Headphones
Electronics,395.79,Wireless Headphones
Electronics,204.97,4K Ultra TV
Clothing,59.87,Summer Dress
Electronics,341.01,Smartphone X200
Books,52.3,The Art of Python
Electronics,554.31,Smartwatch Fit+2
Home,172.46,Wall Clock
Clothing,111.11,Summer Dress
Toys,111.6,Action Hero Figure
Electronics,229.6,Wireless Headphones
Clothing,98.97,Leather Jacket
Toys,87.81,Building Blocks Set
Books,47.16,Modern Fiction Tales
Books,57.59,Mystery of the Mind
Clothing,106.98,Summer Dress
Electronics,278.52,Wireless Headphones
Home,104.25,Silk Curtains
Toys,66.29,Remote Control Car
Home,80.85,Wooden Chair
Home,45.66,Silk Curtains
Clothing,33.14,Summer Dress
Books,53.89,The Art of Python
Electronics,120.28,Smartwatch Fit+2
Clothing,100.68,Slim Fit Jeans
Clothing,72.06,Leather Jacket
Home,141.43,Modern Lamp
Electronics,236.94,Smartwatch Fit+2
Electronics,369.14,Wireless Headphones
Home,179.95,Ceramic Vase
Clothing,85.45,Leather Jacket
Home,177.91,Modern Lamp
Electronics,351.75,Smartwatch Fit+2
Clothing,91.93,Cotton T-Shirt
Home,146.71,Wall Clock
Electronics,273.4,Bluetooth Speaker Pro
Clothing,109.63,Cotton T-Shirt
Electronics,241.08,Wireless Headphones
Electronics,124.82,Smartwatch Fit+2
Toys,107.26,Action Hero Figure
Clothing,87.37,Cotton T-Shirt
Books,58.56,Modern Fiction Tales
Clothing,89.17,Leather Jacket
Home,64.03,Silk Curtains
Books,41.31,Historical Journeys
Home,216.04,Silk Curtains
Clothing,97.23,Hooded Sweatshirt
Clothing,78.38,Leather Jacket
Clothing,61.8,Hooded Sweatshirt
Toys,96.42,Building Blocks Set
Books,39.6,Historical Journeys
Toys,118.68,Action Hero Figure
Electronics,273.94,Bluetooth Speaker Pro
Books,55.04,Mystery of the Mind
Toys,108.98,Plush Bear
Electronics,332.2,Wireless Headphones
Electronics,456.43,Bluetooth Speaker Pro
Books,71.97,Mystery of the Mind
Home,103.31,Wall Clock
Books,23.05,Historical Journeys
Electronics,431.12,Smartwatch Fit+2
Books,22.72,Data Science Essentials
Electronics,317.82,4K Ultra TV
Electronics,349.83,4K Ultra TV
Electronics,297.58,Smartphone X200
Books,70.78,The Art of Python
Home,176.62,Modern Lamp
Home,129.02,Wall Clock
Clothing,93.11,Slim Fit Jeans
Books,47.66,Modern Fiction Tales
Clothing,80.01,Hooded Sweatshirt
Books,54.07,The Art of Python
Clothing,72.06,Hooded Sweatshirt
Clothing,75.6,Slim Fit Jeans
Clothing,91.47,Summer Dress
Clothing,103.84,Summer Dress
Books,56.74,Modern Fiction Tales
Home,121.66,Wall Clock
Electronics,347.25,Bluetooth Speaker Pro
Books,43.85,The Art of Python
Clothing,71.86,Cotton T-Shirt
Home,102.99,Silk Curtains
Toys,110.0,Plush Bear
Home,179.19,Wooden Chair
Electronics,303.68,4K Ultra TV
Toys,53.82,Building Blocks Set
Home,229.45,Wooden Chair
Clothing,65.69,Hooded Sweatshirt
Electronics,289.66,Smartphone X200
Books,44.64,Historical Journeys
Home,174.79,Wall Clock
Home,192.86,Wooden Chair
Books,60.21,The Art of Python
Books,21.26,Historical Journeys
Electronics,313.68,Wireless Headphones
Clothing,45.55,Cotton T-Shirt
Electronics,247.43,Smartwatch Fit+2
Books,7.89,Modern Fiction Tales
Electronics,229.05,Wireless Headphones
Home,161.66,Silk Curtains
Books,59.62,The Art of Python
Books,25.2,Data Science Essentials
Clothing,93.25,Slim Fit Jeans
Books,65.44,Modern Fiction Tales
Electronics,364.02,Wireless Headphones
Books,47.34,The Art of Python
Electronics,299.48,Smartphone X200
Clothing,107.98,Summer Dress
Books,64.15,Mystery of the Mind
Electronics,346.99,Wireless Headphones
Electronics,384.48,Smartphone X200
Books,60.27,The Art of Python
Books,80.16,Historical Journeys
Home,107.35,Modern Lamp
Home,179.55,Silk Curtains
Home,74.62,Ceramic Vase
Clothing,122.49,Hooded Sweatshirt
Clothing,98.72,Slim Fit Jeans
Electronics,274.85,Smartphone X200
Toys,145.97,Kids Puzzle 100pc
Home,200.47,Wall Clock
Clothing,86.13,Summer Dress
Clothing,89.08,Summer Dress
Toys,99.51,Plush Bear
Electronics,346.47,4K Ultra TV
Home,200.79,Ceramic Vase
Home,131.71,Wall Clock
Home,155.6,Wall Clock
Electronics,366.15,Bluetooth Speaker Pro
Books,74.32,Mystery of the Mind
Toys,85.13,Plush Bear
Home,94.83,Silk Curtains
Home,135.53,Silk Curtains
Toys,92.56,Remote Control Car
Books,25.3,Historical Journeys
Electronics,467.07,Wireless Headphones
Home,153.05,Modern Lamp
Home,269.35,Silk Curtains
Clothing,90.07,Summer Dress
Books,34.58,The Art of Python
Toys,69.42,Plush Bear
Toys,127.33,Building Blocks Set
Clothing,92.11,Summer Dress
Electronics,428.96,Smartwatch Fit+2
Toys,72.26,Action Hero Figure
Books,53.94,The Art of Python
Electronics,188.29,Smartwatch Fit+2
Toys,85.93,Remote Control Car
Books,57.12,Mystery of the Mind
Home,184.16,Wall Clock
Home,212.91,Ceramic Vase
Clothing,70.95,Summer Dress
Electronics,442.73,Smartphone X200
Clothing,93.88,Leather Jacket
Books,60.21,The Art of Python
Electronics,474.07,4K Ultra TV
Clothing,79.68,Leather Jacket
Clothing,107.95,Hooded Sweatshirt
Home,80.08,Silk Curtains
Toys,114.15,Remote Control Car
Clothing,90.43,Hooded Sweatshirt
Clothing,106.02,Summer Dress
Books,49.62,The Art of Python
Clothing,91.7,Slim Fit Jeans
Electronics,536.35,Wireless Headphones
Clothing,50.49,Slim Fit Jeans
Electronics,332.08,Smartwatch Fit+2
Electronics,280.48,Smartwatch Fit+2
Clothing,55.52,Slim Fit Jeans
Clothing,92.49,Summer Dress
Toys,108.73,Plush Bear
Clothing,81.33,Cotton T-Shirt
Home,175.21,Silk Curtains
Home,171.11,Ceramic Vase
Electronics,285.97,Smartwatch Fit+2
Home,115.6,Ceramic Vase
Electronics,87.64,Wireless Headphones
Toys,82.77,Kids Puzzle 100pc
Electronics,322.55,Bluetooth Speaker Pro
Clothing,100.21,Slim Fit Jeans
Electronics,440.32,Smartwatch Fit+2
Toys,98.29,Remote Control Car
Home,198.25,Modern Lamp
Home,186.36,Silk Curtains
Electronics,337.2,Bluetooth Speaker Pro
Books,66.08,Data Science Essentials
Electronics,331.61,Bluetooth Speaker Pro
Books,38.32,Modern Fiction Tales
Electronics,363.88,Smartwatch Fit+2
Electronics,342.48,Bluetooth Speaker Pro
Electronics,369.17,4K Ultra TV
Clothing,62.39,Cotton T-Shirt
Home,97.48,Wooden Chair
Electronics,298.31,4K Ultra TV
Books,38.36,Data Science Essentials
Clothing,60.19,Slim Fit Jeans
Home,173.85,Ceramic Vase
Clothing,112.8,Summer Dress
Clothing,145.02,Slim Fit Jeans
Home,140.81,Wooden Chair
Electronics,229.43,Bluetooth Speaker Pro
Electronics,199.67,4K Ultra TV
Books,61.84,Modern Fiction Tales
Toys,116.65,Action Hero Figure
Clothing,85.65,Cotton T-Shirt
Clothing,55.42,Cotton T-Shirt
Home,169.36,Wooden Chair
Clothing,76.34,Cotton T-Shirt
Electronics,218.5,Bluetooth Speaker Pro
Electronics,353.03,Smartwatch Fit+2
Books,60.84,Data Science Essentials
Home,119.64,Wall Clock
Electronics,417.0,Smartphone X200
Electronics,311.54,Wireless Headphones
Electronics,361.89,Bluetooth Speaker Pro
Home,176.67,Wall Clock
Electronics,197.88,Wireless Headphones
Electronics,365.09,Smartphone X200
Books,50.62,Mystery of the Mind
Electronics,413.77,Bluetooth Speaker Pro
Home,147.09,Ceramic Vase
Electronics,170.37,Bluetooth Speaker Pro
Electronics,352.2,Bluetooth Speaker Pro
Electronics,210.73,Smartwatch Fit+2
Books,49.91,Mystery of the Mind
Books,36.5,Historical Journeys
Books,31.73,The Art of Python
Clothing,35.91,Summer Dress
Home,171.19,Silk Curtains
Electronics,224.46,Smartwatch Fit+2
Clothing,96.42,Cotton T-Shirt
Books,61.48,Modern Fiction Tales
Electronics,355.83,Smartphone X200
Electronics,367.2,4K Ultra TV
Electronics,304.72,Bluetooth Speaker Pro
Electronics,334.85,Bluetooth Speaker Pro
Electronics,331.95,Smartwatch Fit+2
Home,177.61,Silk Curtains
Clothing,98.24,Hooded Sweatshirt
Books,68.97,Data Science Essentials
Books,38.36,Mystery of the Mind
Clothing,104.31,Summer Dress
Clothing,88.78,Slim Fit Jeans
Clothing,96.75,Slim Fit Jeans
Home,207.56,Modern Lamp
Clothing,62.06,Cotton T-Shirt
Home,76.67,Silk Curtains
Clothing,152.38,Hooded Sweatshirt
Home,103.67,Wall Clock
Clothing,100.13,Summer Dress
Clothing,61.87,Cotton T-Shirt
Toys,108.17,Plush Bear
Books,67.66,Historical Journeys
Electronics,421.9,Smartphone X200
Books,47.68,Data Science Essentials
Clothing,81.18,Slim Fit Jeans
Books,66.04,Historical Journeys
Books,51.36,The Art of Python
Clothing,82.96,Cotton T-Shirt
Electronics,281.9,Smartphone X200
Clothing,72.31,Cotton T-Shirt
Home,147.54,Wall Clock
Home,165.0,Wall Clock
Clothing,59.28,Leather Jacket
Electronics,293.85,Bluetooth Speaker Pro
Books,69.0,Modern Fiction Tales
Toys,132.54,Remote Control Car
Home,102.03,Wooden Chair
Electronics,486.44,Wireless Headphones
Clothing,130.01,Slim Fit Jeans
Electronics,193.86,Smartwatch Fit+2
Toys,112.09,Plush Bear
Electronics,313.56,Wireless Headphones
Home,85.77,Modern Lamp
Clothing,71.09,Summer Dress
Home,136.41,Silk Curtains
Home,89.42,Wooden Chair
Books,79.2,The Art of Python
Electronics,387.56,Wireless Headphones
Electronics,337.69,Smartwatch Fit+2
Electronics,344.97,4K Ultra TV
Toys,115.21,Remote Control Car
Books,38.73,Data Science Essentials
Home,157.85,Silk Curtains
Home,98.17,Wooden Chair
Home,189.34,Wall Clock
Electronics,345.79,4K Ultra TV
Toys,76.22,Plush Bear
Clothing,75.19,Hooded Sweatshirt
Clothing,47.5,Cotton T-Shirt
Home,181.61,Wooden Chair
Electronics,309.78,Smartwatch Fit+2
Electronics,207.67,Wireless Headphones
Books,27.38,Modern Fiction Tales
Electronics,367.36,Smartphone X200
Home,23.93,Modern Lamp
Electronics,210.67,Bluetooth Speaker Pro
Clothing,104.14,Slim Fit Jeans
Clothing,88.47,Hooded Sweatshirt
Clothing,74.64,Summer Dress
Books,33.45,Data Science Essentials
Clothing,105.37,Cotton T-Shirt
Home,108.29,Modern Lamp
Clothing,119.79,Hooded Sweatshirt
Home,176.78,Silk Curtains
Toys,62.18,Building Blocks Set
Books,49.59,Mystery of the Mind
Electronics,316.06,Smartphone X200
Electronics,417.25,Wireless Headphones
Clothing,65.19,Slim Fit Jeans
Home,135.02,Silk Curtains
Electronics,338.92,Bluetooth Speaker Pro
Clothing,99.52,Cotton T-Shirt
Home,133.59,Modern Lamp
Clothing,86.87,Leather Jacket
Books,54.91,Historical Journeys
Electronics,338.17,4K Ultra TV
Electronics,449.52,Bluetooth Speaker Pro
Books,49.91,Data Science Essentials
Clothing,89.61,Slim Fit Jeans
Home,150.63,Ceramic Vase
Clothing,117.95,Slim Fit Jeans
Electronics,362.28,4K Ultra TV
Books,61.58,Modern Fiction Tales
Books,34.47,Data Science Essentials
Home,102.7,Wooden Chair
Clothing,97.49,Leather Jacket
Home,202.77,Modern Lamp
Clothing,72.6,Hooded Sweatshirt
Electronics,215.78,Wireless Headphones
Toys,140.56,Remote Control Car
Electronics,281.69,Bluetooth Speaker Pro
Toys,117.01,Remote Control Car
Books,69.16,Historical Journeys
